user_genome	classification	fastani_reference	fastani_reference_radius	fastani_taxonomy	fastani_ani	fastani_af	closest_placement_reference	closest_placement_radius	closest_placement_taxonomy	closest_placement_ani	closest_placement_af	pplacer_taxonomy	classification_method	note	other_related_references(genome_id,species_name,radius,ANI,AF)	msa_percent	translation_table	red_value	warnings
RUG011	d__Archaea;p__Methanobacteriota;c__Methanobacteria;o__Methanobacteriales;f__Methanobacteriaceae;g__Methanobrevibacter_B;s__Methanobrevibacter_B sp900314605	GCA_900314605.1	95.0	d__Archaea;p__Methanobacteriota;c__Methanobacteria;o__Methanobacteriales;f__Methanobacteriaceae;g__Methanobrevibacter_B;s__Methanobrevibacter_B sp900314605	98.81	0.85	GCA_900314605.1	95.0	d__Archaea;p__Methanobacteriota;c__Methanobacteria;o__Methanobacteriales;f__Methanobacteriaceae;g__Methanobrevibacter_B;s__Methanobrevibacter_B sp900314605	98.81	0.85	d__Archaea;p__Methanobacteriota;c__Methanobacteria;o__Methanobacteriales;f__Methanobacteriaceae;g__Methanobrevibacter_B;s__	taxonomic classification defined by topology and ANI	topological placement and ANI have congruent species assignments	GCF_000621965.1, s__Methanobrevibacter_B wolinii, 95.0, 79.18, 0.46; GCF_002208625.1, s__Methanobrevibacter_B sp002208625, 95.0, 79.07, 0.54; GCF_000320505.1, s__Methanobrevibacter_B boviskoreani, 95.0, 78.71, 0.37	93.79	11	N/A	N/A
RUG012	d__Archaea;p__Methanobacteriota;c__Methanobacteria;o__Methanobacteriales;f__Methanobacteriaceae;g__Methanobrevibacter_B;s__Methanobrevibacter_B sp900314605	GCA_900314605.1	95.0	d__Archaea;p__Methanobacteriota;c__Methanobacteria;o__Methanobacteriales;f__Methanobacteriaceae;g__Methanobrevibacter_B;s__Methanobrevibacter_B sp900314605	100.0	0.99	GCA_900314605.1	95.0	d__Archaea;p__Methanobacteriota;c__Methanobacteria;o__Methanobacteriales;f__Methanobacteriaceae;g__Methanobrevibacter_B;s__Methanobrevibacter_B sp900314605	100.0	0.99	d__Archaea;p__Methanobacteriota;c__Methanobacteria;o__Methanobacteriales;f__Methanobacteriaceae;g__Methanobrevibacter_B;s__	taxonomic classification defined by topology and ANI	topological placement and ANI have congruent species assignments	GCF_002208625.1, s__Methanobrevibacter_B sp002208625, 95.0, 79.39, 0.58; GCF_000621965.1, s__Methanobrevibacter_B wolinii, 95.0, 79.31, 0.49; GCF_000320505.1, s__Methanobrevibacter_B boviskoreani, 95.0, 78.76, 0.39	96.55	11	N/A	N/A
RUG018	d__Archaea;p__Methanobacteriota;c__Methanobacteria;o__Methanobacteriales;f__Methanobacteriaceae;g__Methanobrevibacter_A;s__Methanobrevibacter_A sp900314615	GCA_900314615.1	95.0	d__Archaea;p__Methanobacteriota;c__Methanobacteria;o__Methanobacteriales;f__Methanobacteriaceae;g__Methanobrevibacter_A;s__Methanobrevibacter_A sp900314615	100.0	0.99	GCA_900314615.1	95.0	d__Archaea;p__Methanobacteriota;c__Methanobacteria;o__Methanobacteriales;f__Methanobacteriaceae;g__Methanobrevibacter_A;s__Methanobrevibacter_A sp900314615	100.0	0.99	d__Archaea;p__Methanobacteriota;c__Methanobacteria;o__Methanobacteriales;f__Methanobacteriaceae;g__Methanobrevibacter_A;s__	taxonomic classification defined by topology and ANI	topological placement and ANI have congruent species assignments	GCA_900318035.1, s__Methanobrevibacter_A sp900318035, 95.0, 81.59, 0.54; GCA_900314695.1, s__Methanobrevibacter_A sp900314695, 95.0, 81.42, 0.55; GCF_001548675.1, s__Methanobrevibacter_A sp001548675, 95.0, 81.1, 0.49; GCA_900316895.1, s__Methanobrevibacter_A sp900316895, 95.0, 81.02, 0.55; GCA_900313645.1, s__Methanobrevibacter_A sp900313645, 95.0, 81.02, 0.65; GCF_003111625.1, s__Methanobrevibacter_A thaueri, 95.0, 80.7, 0.49; GCA_900319985.1, s__Methanobrevibacter_A sp900319985, 95.0, 80.66, 0.54; GCA_900320955.1, s__Methanobrevibacter_A sp900320955, 95.0, 80.59, 0.52; GCA_900320515.1, s__Methanobrevibacter_A sp900320515, 95.0, 80.39, 0.46; GCF_003814835.1, s__Methanobrevibacter_A gottschalkii, 95.0, 80.32, 0.54; GCF_001477655.1, s__Methanobrevibacter_A millerae, 95.0, 80.0, 0.42; GCA_900317865.1, s__Methanobrevibacter_A sp900317865, 95.0, 79.5, 0.36; GCA_900319535.1, s__Methanobrevibacter_A sp900319535, 95.0, 79.31, 0.38; GCF_002252585.1, s__Methanobrevibacter_A smithii_A, 95.0, 79.16, 0.33; GCF_001639275.1, s__Methanobrevibacter_A oralis, 95.0, 79.08, 0.32; GCF_000016525.1, s__Methanobrevibacter_A smithii, 95.0, 79.06, 0.35; GCF_003111605.1, s__Methanobrevibacter_A woesei, 95.0, 78.49, 0.33; GCA_002496065.1, s__Methanobrevibacter_A sp002496065, 95.0, 77.88, 0.33	85.62	11	N/A	N/A
RUG020	d__Archaea;p__Methanobacteriota;c__Methanobacteria;o__Methanobacteriales;f__Methanobacteriaceae;g__Methanobrevibacter;s__Methanobrevibacter sp900314635	GCA_900314635.1	95.0	d__Archaea;p__Methanobacteriota;c__Methanobacteria;o__Methanobacteriales;f__Methanobacteriaceae;g__Methanobrevibacter;s__Methanobrevibacter sp900314635	100.0	1.0	GCA_900314635.1	95.0	d__Archaea;p__Methanobacteriota;c__Methanobacteria;o__Methanobacteriales;f__Methanobacteriaceae;g__Methanobrevibacter;s__Methanobrevibacter sp900314635	100.0	1.0	d__Archaea;p__Methanobacteriota;c__Methanobacteria;o__Methanobacteriales;f__Methanobacteriaceae;g__Methanobrevibacter;s__	taxonomic classification defined by topology and ANI	topological placement and ANI have congruent species assignments	GCA_004553595.1, s__Methanobrevibacter ruminantium_A, 95.0, 78.99, 0.29; GCF_000024185.1, s__Methanobrevibacter ruminantium, 95.0, 78.45, 0.3; GCF_900114585.1, s__Methanobrevibacter olleyae, 95.0, 78.24, 0.28; GCA_900321995.1, s__Methanobrevibacter sp900321995, 95.0, 77.12, 0.27	96.21	11	N/A	N/A
RUG031	d__Archaea;p__Methanobacteriota;c__Methanobacteria;o__Methanobacteriales;f__Methanobacteriaceae;g__Methanobrevibacter_A;s__Methanobrevibacter_A sp900314695	GCA_900314695.1	95.0	d__Archaea;p__Methanobacteriota;c__Methanobacteria;o__Methanobacteriales;f__Methanobacteriaceae;g__Methanobrevibacter_A;s__Methanobrevibacter_A sp900314695	100.0	1.0	GCA_900314695.1	95.0	d__Archaea;p__Methanobacteriota;c__Methanobacteria;o__Methanobacteriales;f__Methanobacteriaceae;g__Methanobrevibacter_A;s__Methanobrevibacter_A sp900314695	100.0	1.0	d__Archaea;p__Methanobacteriota;c__Methanobacteria;o__Methanobacteriales;f__Methanobacteriaceae;g__Methanobrevibacter_A;s__	taxonomic classification defined by topology and ANI	topological placement and ANI have congruent species assignments	GCA_900320955.1, s__Methanobrevibacter_A sp900320955, 95.0, 90.96, 0.74; GCA_900319985.1, s__Methanobrevibacter_A sp900319985, 95.0, 85.2, 0.69; GCF_001548675.1, s__Methanobrevibacter_A sp001548675, 95.0, 81.45, 0.51; GCA_900314615.1, s__Methanobrevibacter_A sp900314615, 95.0, 81.41, 0.55; GCA_900318035.1, s__Methanobrevibacter_A sp900318035, 95.0, 81.38, 0.51; GCF_003111625.1, s__Methanobrevibacter_A thaueri, 95.0, 81.18, 0.46; GCA_900316895.1, s__Methanobrevibacter_A sp900316895, 95.0, 81.09, 0.55; GCF_003814835.1, s__Methanobrevibacter_A gottschalkii, 95.0, 81.01, 0.54; GCA_900313645.1, s__Methanobrevibacter_A sp900313645, 95.0, 80.99, 0.61; GCA_900319535.1, s__Methanobrevibacter_A sp900319535, 95.0, 80.77, 0.44; GCA_900320515.1, s__Methanobrevibacter_A sp900320515, 95.0, 80.64, 0.43; GCF_001477655.1, s__Methanobrevibacter_A millerae, 95.0, 80.54, 0.43; GCA_900317865.1, s__Methanobrevibacter_A sp900317865, 95.0, 80.43, 0.4; GCF_001639275.1, s__Methanobrevibacter_A oralis, 95.0, 79.72, 0.4; GCF_000016525.1, s__Methanobrevibacter_A smithii, 95.0, 79.69, 0.37; GCF_002252585.1, s__Methanobrevibacter_A smithii_A, 95.0, 79.43, 0.37; GCF_003111605.1, s__Methanobrevibacter_A woesei, 95.0, 79.34, 0.38; GCA_002496065.1, s__Methanobrevibacter_A sp002496065, 95.0, 78.52, 0.31	95.65	11	N/A	N/A
RUG076	d__Archaea;p__Methanobacteriota;c__Methanobacteria;o__Methanobacteriales;f__Methanobacteriaceae;g__Methanobrevibacter_B;s__Methanobrevibacter_B boviskoreani	GCF_000320505.1	95.0	d__Archaea;p__Methanobacteriota;c__Methanobacteria;o__Methanobacteriales;f__Methanobacteriaceae;g__Methanobrevibacter_B;s__Methanobrevibacter_B boviskoreani	98.57	0.95	GCF_000320505.1	95.0	d__Archaea;p__Methanobacteriota;c__Methanobacteria;o__Methanobacteriales;f__Methanobacteriaceae;g__Methanobrevibacter_B;s__Methanobrevibacter_B boviskoreani	98.57	0.95	d__Archaea;p__Methanobacteriota;c__Methanobacteria;o__Methanobacteriales;f__Methanobacteriaceae;g__Methanobrevibacter_B;s__	taxonomic classification defined by topology and ANI	topological placement and ANI have congruent species assignments	GCF_002208625.1, s__Methanobrevibacter_B sp002208625, 95.0, 79.85, 0.53; GCF_000621965.1, s__Methanobrevibacter_B wolinii, 95.0, 79.8, 0.56; GCA_900314605.1, s__Methanobrevibacter_B sp900314605, 95.0, 78.65, 0.42	95.63	11	N/A	N/A
RUG092	d__Archaea;p__Methanobacteriota;c__Methanobacteria;o__Methanobacteriales;f__Methanobacteriaceae;g__Methanobrevibacter_A;s__Methanobrevibacter_A sp900314695	GCA_900314695.1	95.0	d__Archaea;p__Methanobacteriota;c__Methanobacteria;o__Methanobacteriales;f__Methanobacteriaceae;g__Methanobrevibacter_A;s__Methanobrevibacter_A sp900314695	97.62	0.82	GCA_900314695.1	95.0	d__Archaea;p__Methanobacteriota;c__Methanobacteria;o__Methanobacteriales;f__Methanobacteriaceae;g__Methanobrevibacter_A;s__Methanobrevibacter_A sp900314695	97.62	0.82	d__Archaea;p__Methanobacteriota;c__Methanobacteria;o__Methanobacteriales;f__Methanobacteriaceae;g__Methanobrevibacter_A;s__	taxonomic classification defined by topology and ANI	topological placement and ANI have congruent species assignments	GCA_900320955.1, s__Methanobrevibacter_A sp900320955, 95.0, 91.26, 0.71; GCA_900319985.1, s__Methanobrevibacter_A sp900319985, 95.0, 85.14, 0.68; GCA_900318035.1, s__Methanobrevibacter_A sp900318035, 95.0, 81.34, 0.51; GCA_900314615.1, s__Methanobrevibacter_A sp900314615, 95.0, 81.17, 0.55; GCF_001548675.1, s__Methanobrevibacter_A sp001548675, 95.0, 81.06, 0.49; GCA_900313645.1, s__Methanobrevibacter_A sp900313645, 95.0, 80.95, 0.6; GCA_900316895.1, s__Methanobrevibacter_A sp900316895, 95.0, 80.91, 0.55; GCA_900319535.1, s__Methanobrevibacter_A sp900319535, 95.0, 80.75, 0.45; GCF_003111625.1, s__Methanobrevibacter_A thaueri, 95.0, 80.57, 0.44; GCF_003814835.1, s__Methanobrevibacter_A gottschalkii, 95.0, 80.51, 0.52; GCA_900320515.1, s__Methanobrevibacter_A sp900320515, 95.0, 80.5, 0.43; GCA_900317865.1, s__Methanobrevibacter_A sp900317865, 95.0, 80.34, 0.4; GCF_001477655.1, s__Methanobrevibacter_A millerae, 95.0, 79.93, 0.41; GCF_001639275.1, s__Methanobrevibacter_A oralis, 95.0, 79.4, 0.39; GCF_000016525.1, s__Methanobrevibacter_A smithii, 95.0, 79.25, 0.35; GCF_002252585.1, s__Methanobrevibacter_A smithii_A, 95.0, 79.06, 0.35; GCF_003111605.1, s__Methanobrevibacter_A woesei, 95.0, 78.89, 0.39; GCA_002496065.1, s__Methanobrevibacter_A sp002496065, 95.0, 77.95, 0.3	85.95	11	N/A	N/A
RUG120	d__Archaea;p__Methanobacteriota;c__Methanobacteria;o__Methanobacteriales;f__Methanobacteriaceae;g__Methanobrevibacter_B;s__Methanobrevibacter_B sp900314605	GCA_900314605.1	95.0	d__Archaea;p__Methanobacteriota;c__Methanobacteria;o__Methanobacteriales;f__Methanobacteriaceae;g__Methanobrevibacter_B;s__Methanobrevibacter_B sp900314605	98.77	0.84	GCA_900314605.1	95.0	d__Archaea;p__Methanobacteriota;c__Methanobacteria;o__Methanobacteriales;f__Methanobacteriaceae;g__Methanobrevibacter_B;s__Methanobrevibacter_B sp900314605	98.77	0.84	d__Archaea;p__Methanobacteriota;c__Methanobacteria;o__Methanobacteriales;f__Methanobacteriaceae;g__Methanobrevibacter_B;s__	taxonomic classification defined by topology and ANI	topological placement and ANI have congruent species assignments	GCF_002208625.1, s__Methanobrevibacter_B sp002208625, 95.0, 79.23, 0.57; GCF_000621965.1, s__Methanobrevibacter_B wolinii, 95.0, 79.02, 0.49; GCF_000320505.1, s__Methanobrevibacter_B boviskoreani, 95.0, 78.7, 0.38	95.65	11	N/A	N/A
RUG121	d__Archaea;p__Methanobacteriota;c__Methanobacteria;o__Methanobacteriales;f__Methanobacteriaceae;g__Methanobrevibacter_B;s__Methanobrevibacter_B sp900314605	GCA_900314605.1	95.0	d__Archaea;p__Methanobacteriota;c__Methanobacteria;o__Methanobacteriales;f__Methanobacteriaceae;g__Methanobrevibacter_B;s__Methanobrevibacter_B sp900314605	99.45	0.87	GCA_900314605.1	95.0	d__Archaea;p__Methanobacteriota;c__Methanobacteria;o__Methanobacteriales;f__Methanobacteriaceae;g__Methanobrevibacter_B;s__Methanobrevibacter_B sp900314605	99.45	0.87	d__Archaea;p__Methanobacteriota;c__Methanobacteria;o__Methanobacteriales;f__Methanobacteriaceae;g__Methanobrevibacter_B;s__	taxonomic classification defined by topology and ANI	topological placement and ANI have congruent species assignments	GCF_002208625.1, s__Methanobrevibacter_B sp002208625, 95.0, 79.38, 0.53; GCF_000621965.1, s__Methanobrevibacter_B wolinii, 95.0, 79.13, 0.48; GCF_000320505.1, s__Methanobrevibacter_B boviskoreani, 95.0, 78.83, 0.38	92.45	11	N/A	N/A
RUG186	d__Archaea;p__Methanobacteriota;c__Methanobacteria;o__Methanobacteriales;f__Methanobacteriaceae;g__Methanobrevibacter_A;s__Methanobrevibacter_A sp900317865	GCA_900317865.1	95.0	d__Archaea;p__Methanobacteriota;c__Methanobacteria;o__Methanobacteriales;f__Methanobacteriaceae;g__Methanobrevibacter_A;s__Methanobrevibacter_A sp900317865	99.35	0.86	GCA_900317865.1	95.0	d__Archaea;p__Methanobacteriota;c__Methanobacteria;o__Methanobacteriales;f__Methanobacteriaceae;g__Methanobrevibacter_A;s__Methanobrevibacter_A sp900317865	99.35	0.86	d__Archaea;p__Methanobacteriota;c__Methanobacteria;o__Methanobacteriales;f__Methanobacteriaceae;g__Methanobrevibacter_A;s__	taxonomic classification defined by topology and ANI	topological placement and ANI have congruent species assignments	GCA_900319535.1, s__Methanobrevibacter_A sp900319535, 95.0, 84.34, 0.62; GCF_001477655.1, s__Methanobrevibacter_A millerae, 95.0, 83.06, 0.6; GCA_900320955.1, s__Methanobrevibacter_A sp900320955, 95.0, 81.3, 0.39; GCA_900314695.1, s__Methanobrevibacter_A sp900314695, 95.0, 80.66, 0.42; GCF_001548675.1, s__Methanobrevibacter_A sp001548675, 95.0, 79.75, 0.38; GCA_900319985.1, s__Methanobrevibacter_A sp900319985, 95.0, 79.68, 0.42; GCF_003814835.1, s__Methanobrevibacter_A gottschalkii, 95.0, 79.52, 0.44; GCA_900314615.1, s__Methanobrevibacter_A sp900314615, 95.0, 79.35, 0.36; GCA_900318035.1, s__Methanobrevibacter_A sp900318035, 95.0, 79.34, 0.35; GCA_900313645.1, s__Methanobrevibacter_A sp900313645, 95.0, 79.34, 0.45; GCF_003111625.1, s__Methanobrevibacter_A thaueri, 95.0, 79.2, 0.3; GCF_000016525.1, s__Methanobrevibacter_A smithii, 95.0, 79.17, 0.41; GCA_900316895.1, s__Methanobrevibacter_A sp900316895, 95.0, 79.14, 0.37; GCF_001639275.1, s__Methanobrevibacter_A oralis, 95.0, 78.95, 0.38; GCF_002252585.1, s__Methanobrevibacter_A smithii_A, 95.0, 78.93, 0.42; GCF_003111605.1, s__Methanobrevibacter_A woesei, 95.0, 78.72, 0.37; GCA_900320515.1, s__Methanobrevibacter_A sp900320515, 95.0, 78.63, 0.33; GCA_002496065.1, s__Methanobrevibacter_A sp002496065, 95.0, 77.82, 0.3	85.28	11	N/A	N/A
RUG201	d__Archaea;p__Methanobacteriota;c__Methanobacteria;o__Methanobacteriales;f__Methanobacteriaceae;g__Methanobrevibacter;s__Methanobrevibacter sp900314635	GCA_900314635.1	95.0	d__Archaea;p__Methanobacteriota;c__Methanobacteria;o__Methanobacteriales;f__Methanobacteriaceae;g__Methanobrevibacter;s__Methanobrevibacter sp900314635	98.26	0.9	GCA_900314635.1	95.0	d__Archaea;p__Methanobacteriota;c__Methanobacteria;o__Methanobacteriales;f__Methanobacteriaceae;g__Methanobrevibacter;s__Methanobrevibacter sp900314635	98.26	0.9	d__Archaea;p__Methanobacteriota;c__Methanobacteria;o__Methanobacteriales;f__Methanobacteriaceae;g__Methanobrevibacter;s__	taxonomic classification defined by topology and ANI	topological placement and ANI have congruent species assignments	GCA_004553595.1, s__Methanobrevibacter ruminantium_A, 95.0, 78.68, 0.34; GCF_000024185.1, s__Methanobrevibacter ruminantium, 95.0, 78.29, 0.33; GCF_900114585.1, s__Methanobrevibacter olleyae, 95.0, 78.0, 0.28; GCA_900321995.1, s__Methanobrevibacter sp900321995, 95.0, 77.19, 0.24	83.98	11	N/A	N/A
RUG236	d__Archaea;p__Methanobacteriota;c__Methanobacteria;o__Methanobacteriales;f__Methanobacteriaceae;g__Methanobrevibacter_A;s__Methanobrevibacter_A sp900316895	GCA_900316895.1	95.0	d__Archaea;p__Methanobacteriota;c__Methanobacteria;o__Methanobacteriales;f__Methanobacteriaceae;g__Methanobrevibacter_A;s__Methanobrevibacter_A sp900316895	100.0	0.99	GCA_900316895.1	95.0	d__Archaea;p__Methanobacteriota;c__Methanobacteria;o__Methanobacteriales;f__Methanobacteriaceae;g__Methanobrevibacter_A;s__Methanobrevibacter_A sp900316895	100.0	0.99	d__Archaea;p__Methanobacteriota;c__Methanobacteria;o__Methanobacteriales;f__Methanobacteriaceae;g__Methanobrevibacter_A;s__	taxonomic classification defined by topology and ANI	topological placement and ANI have congruent species assignments	GCA_900320515.1, s__Methanobrevibacter_A sp900320515, 95.0, 90.65, 0.7; GCF_003111625.1, s__Methanobrevibacter_A thaueri, 95.0, 83.04, 0.63; GCA_900313645.1, s__Methanobrevibacter_A sp900313645, 95.0, 81.99, 0.62; GCF_001548675.1, s__Methanobrevibacter_A sp001548675, 95.0, 81.13, 0.57; GCA_900314695.1, s__Methanobrevibacter_A sp900314695, 95.0, 81.11, 0.55; GCA_900318035.1, s__Methanobrevibacter_A sp900318035, 95.0, 81.03, 0.55; GCA_900314615.1, s__Methanobrevibacter_A sp900314615, 95.0, 81.0, 0.55; GCA_900319985.1, s__Methanobrevibacter_A sp900319985, 95.0, 80.43, 0.49; GCF_003814835.1, s__Methanobrevibacter_A gottschalkii, 95.0, 80.33, 0.44; GCA_900320955.1, s__Methanobrevibacter_A sp900320955, 95.0, 80.25, 0.42; GCF_001477655.1, s__Methanobrevibacter_A millerae, 95.0, 79.59, 0.4; GCA_900319535.1, s__Methanobrevibacter_A sp900319535, 95.0, 79.23, 0.31; GCA_900317865.1, s__Methanobrevibacter_A sp900317865, 95.0, 79.13, 0.36; GCF_002252585.1, s__Methanobrevibacter_A smithii_A, 95.0, 78.92, 0.25; GCF_000016525.1, s__Methanobrevibacter_A smithii, 95.0, 78.9, 0.28; GCF_001639275.1, s__Methanobrevibacter_A oralis, 95.0, 78.73, 0.26; GCF_003111605.1, s__Methanobrevibacter_A woesei, 95.0, 78.24, 0.23; GCA_002496065.1, s__Methanobrevibacter_A sp002496065, 95.0, 78.08, 0.25	80.56	11	N/A	N/A
RUG256	d__Archaea;p__Methanobacteriota;c__Methanobacteria;o__Methanobacteriales;f__Methanobacteriaceae;g__Methanobrevibacter_A;s__Methanobrevibacter_A sp900314695	GCA_900314695.1	95.0	d__Archaea;p__Methanobacteriota;c__Methanobacteria;o__Methanobacteriales;f__Methanobacteriaceae;g__Methanobrevibacter_A;s__Methanobrevibacter_A sp900314695	98.98	0.92	GCA_900314695.1	95.0	d__Archaea;p__Methanobacteriota;c__Methanobacteria;o__Methanobacteriales;f__Methanobacteriaceae;g__Methanobrevibacter_A;s__Methanobrevibacter_A sp900314695	98.98	0.92	d__Archaea;p__Methanobacteriota;c__Methanobacteria;o__Methanobacteriales;f__Methanobacteriaceae;g__Methanobrevibacter_A;s__	taxonomic classification defined by topology and ANI	topological placement and ANI have congruent species assignments	GCA_900320955.1, s__Methanobrevibacter_A sp900320955, 95.0, 91.55, 0.69; GCA_900319985.1, s__Methanobrevibacter_A sp900319985, 95.0, 85.25, 0.7; GCF_001548675.1, s__Methanobrevibacter_A sp001548675, 95.0, 81.77, 0.56; GCA_900314615.1, s__Methanobrevibacter_A sp900314615, 95.0, 81.54, 0.59; GCA_900318035.1, s__Methanobrevibacter_A sp900318035, 95.0, 81.48, 0.54; GCF_003111625.1, s__Methanobrevibacter_A thaueri, 95.0, 81.27, 0.51; GCA_900313645.1, s__Methanobrevibacter_A sp900313645, 95.0, 81.13, 0.53; GCF_003814835.1, s__Methanobrevibacter_A gottschalkii, 95.0, 81.12, 0.51; GCA_900319535.1, s__Methanobrevibacter_A sp900319535, 95.0, 80.9, 0.4; GCA_900316895.1, s__Methanobrevibacter_A sp900316895, 95.0, 80.87, 0.47; GCA_900320515.1, s__Methanobrevibacter_A sp900320515, 95.0, 80.65, 0.45; GCF_001477655.1, s__Methanobrevibacter_A millerae, 95.0, 80.48, 0.49; GCA_900317865.1, s__Methanobrevibacter_A sp900317865, 95.0, 80.42, 0.44; GCF_001639275.1, s__Methanobrevibacter_A oralis, 95.0, 79.95, 0.4; GCF_000016525.1, s__Methanobrevibacter_A smithii, 95.0, 79.76, 0.37; GCF_002252585.1, s__Methanobrevibacter_A smithii_A, 95.0, 79.65, 0.38; GCF_003111605.1, s__Methanobrevibacter_A woesei, 95.0, 79.49, 0.34; GCA_002496065.1, s__Methanobrevibacter_A sp002496065, 95.0, 78.62, 0.29	91.82	11	N/A	N/A
RUG338	d__Archaea;p__Methanobacteriota;c__Methanobacteria;o__Methanobacteriales;f__Methanobacteriaceae;g__Methanobrevibacter_A;s__Methanobrevibacter_A sp900317865	GCA_900317865.1	95.0	d__Archaea;p__Methanobacteriota;c__Methanobacteria;o__Methanobacteriales;f__Methanobacteriaceae;g__Methanobrevibacter_A;s__Methanobrevibacter_A sp900317865	100.0	1.0	GCA_900317865.1	95.0	d__Archaea;p__Methanobacteriota;c__Methanobacteria;o__Methanobacteriales;f__Methanobacteriaceae;g__Methanobrevibacter_A;s__Methanobrevibacter_A sp900317865	100.0	1.0	d__Archaea;p__Methanobacteriota;c__Methanobacteria;o__Methanobacteriales;f__Methanobacteriaceae;g__Methanobrevibacter_A;s__	taxonomic classification defined by topology and ANI	topological placement and ANI have congruent species assignments	GCA_900319535.1, s__Methanobrevibacter_A sp900319535, 95.0, 84.34, 0.6; GCF_001477655.1, s__Methanobrevibacter_A millerae, 95.0, 83.29, 0.62; GCA_900320955.1, s__Methanobrevibacter_A sp900320955, 95.0, 81.43, 0.35; GCA_900314695.1, s__Methanobrevibacter_A sp900314695, 95.0, 80.43, 0.4; GCA_900319985.1, s__Methanobrevibacter_A sp900319985, 95.0, 79.7, 0.37; GCF_003814835.1, s__Methanobrevibacter_A gottschalkii, 95.0, 79.49, 0.42; GCA_900314615.1, s__Methanobrevibacter_A sp900314615, 95.0, 79.48, 0.36; GCF_001548675.1, s__Methanobrevibacter_A sp001548675, 95.0, 79.47, 0.38; GCF_003111625.1, s__Methanobrevibacter_A thaueri, 95.0, 79.45, 0.29; GCA_900313645.1, s__Methanobrevibacter_A sp900313645, 95.0, 79.41, 0.42; GCF_000016525.1, s__Methanobrevibacter_A smithii, 95.0, 79.22, 0.38; GCA_900318035.1, s__Methanobrevibacter_A sp900318035, 95.0, 79.16, 0.36; GCA_900316895.1, s__Methanobrevibacter_A sp900316895, 95.0, 79.13, 0.36; GCF_001639275.1, s__Methanobrevibacter_A oralis, 95.0, 79.06, 0.36; GCF_002252585.1, s__Methanobrevibacter_A smithii_A, 95.0, 79.05, 0.4; GCA_900320515.1, s__Methanobrevibacter_A sp900320515, 95.0, 78.86, 0.3; GCF_003111605.1, s__Methanobrevibacter_A woesei, 95.0, 78.68, 0.36; GCA_002496065.1, s__Methanobrevibacter_A sp002496065, 95.0, 77.94, 0.28	81.42	11	N/A	N/A
RUG344	d__Archaea;p__Methanobacteriota;c__Methanobacteria;o__Methanobacteriales;f__Methanobacteriaceae;g__Methanobrevibacter_A;s__Methanobrevibacter_A sp900318035	GCA_900318035.1	95.0	d__Archaea;p__Methanobacteriota;c__Methanobacteria;o__Methanobacteriales;f__Methanobacteriaceae;g__Methanobrevibacter_A;s__Methanobrevibacter_A sp900318035	100.0	1.0	GCA_900318035.1	95.0	d__Archaea;p__Methanobacteriota;c__Methanobacteria;o__Methanobacteriales;f__Methanobacteriaceae;g__Methanobrevibacter_A;s__Methanobrevibacter_A sp900318035	100.0	1.0	d__Archaea;p__Methanobacteriota;c__Methanobacteria;o__Methanobacteriales;f__Methanobacteriaceae;g__Methanobrevibacter_A;s__	taxonomic classification defined by topology and ANI	topological placement and ANI have congruent species assignments	GCA_900314615.1, s__Methanobrevibacter_A sp900314615, 95.0, 81.57, 0.54; GCA_900314695.1, s__Methanobrevibacter_A sp900314695, 95.0, 81.41, 0.51; GCA_900316895.1, s__Methanobrevibacter_A sp900316895, 95.0, 81.01, 0.54; GCF_001548675.1, s__Methanobrevibacter_A sp001548675, 95.0, 81.0, 0.48; GCA_900319985.1, s__Methanobrevibacter_A sp900319985, 95.0, 80.89, 0.52; GCF_003111625.1, s__Methanobrevibacter_A thaueri, 95.0, 80.8, 0.44; GCA_900313645.1, s__Methanobrevibacter_A sp900313645, 95.0, 80.58, 0.6; GCA_900320515.1, s__Methanobrevibacter_A sp900320515, 95.0, 80.53, 0.43; GCA_900320955.1, s__Methanobrevibacter_A sp900320955, 95.0, 80.29, 0.44; GCF_003814835.1, s__Methanobrevibacter_A gottschalkii, 95.0, 80.01, 0.46; GCA_900319535.1, s__Methanobrevibacter_A sp900319535, 95.0, 79.67, 0.35; GCF_001477655.1, s__Methanobrevibacter_A millerae, 95.0, 79.61, 0.37; GCA_900317865.1, s__Methanobrevibacter_A sp900317865, 95.0, 79.18, 0.36; GCF_002252585.1, s__Methanobrevibacter_A smithii_A, 95.0, 78.81, 0.28; GCF_000016525.1, s__Methanobrevibacter_A smithii, 95.0, 78.81, 0.32; GCF_001639275.1, s__Methanobrevibacter_A oralis, 95.0, 78.74, 0.29; GCF_003111605.1, s__Methanobrevibacter_A woesei, 95.0, 78.36, 0.26; GCA_002496065.1, s__Methanobrevibacter_A sp002496065, 95.0, 77.93, 0.27	79.22	11	N/A	N/A
RUG492	d__Archaea;p__Methanobacteriota;c__Methanobacteria;o__Methanobacteriales;f__Methanobacteriaceae;g__Methanobrevibacter_A;s__Methanobrevibacter_A sp900319535	GCA_900319535.1	95.0	d__Archaea;p__Methanobacteriota;c__Methanobacteria;o__Methanobacteriales;f__Methanobacteriaceae;g__Methanobrevibacter_A;s__Methanobrevibacter_A sp900319535	100.0	0.99	GCA_900319535.1	95.0	d__Archaea;p__Methanobacteriota;c__Methanobacteria;o__Methanobacteriales;f__Methanobacteriaceae;g__Methanobrevibacter_A;s__Methanobrevibacter_A sp900319535	100.0	0.99	d__Archaea;p__Methanobacteriota;c__Methanobacteria;o__Methanobacteriales;f__Methanobacteriaceae;g__Methanobrevibacter_A;s__	taxonomic classification defined by topology and ANI	topological placement and ANI have congruent species assignments	GCA_900317865.1, s__Methanobrevibacter_A sp900317865, 95.0, 84.34, 0.6; GCF_001477655.1, s__Methanobrevibacter_A millerae, 95.0, 83.5, 0.63; GCA_900319985.1, s__Methanobrevibacter_A sp900319985, 95.0, 82.53, 0.41; GCA_900314695.1, s__Methanobrevibacter_A sp900314695, 95.0, 80.73, 0.45; GCA_900320955.1, s__Methanobrevibacter_A sp900320955, 95.0, 80.69, 0.36; GCF_003814835.1, s__Methanobrevibacter_A gottschalkii, 95.0, 79.85, 0.44; GCF_003111625.1, s__Methanobrevibacter_A thaueri, 95.0, 79.69, 0.3; GCF_001548675.1, s__Methanobrevibacter_A sp001548675, 95.0, 79.68, 0.41; GCA_900318035.1, s__Methanobrevibacter_A sp900318035, 95.0, 79.66, 0.35; GCA_900313645.1, s__Methanobrevibacter_A sp900313645, 95.0, 79.49, 0.37; GCF_001639275.1, s__Methanobrevibacter_A oralis, 95.0, 79.42, 0.41; GCA_900314615.1, s__Methanobrevibacter_A sp900314615, 95.0, 79.31, 0.39; GCA_900316895.1, s__Methanobrevibacter_A sp900316895, 95.0, 79.23, 0.31; GCF_000016525.1, s__Methanobrevibacter_A smithii, 95.0, 79.2, 0.38; GCF_002252585.1, s__Methanobrevibacter_A smithii_A, 95.0, 79.17, 0.39; GCA_900320515.1, s__Methanobrevibacter_A sp900320515, 95.0, 79.12, 0.27; GCF_003111605.1, s__Methanobrevibacter_A woesei, 95.0, 79.0, 0.34; GCA_002496065.1, s__Methanobrevibacter_A sp002496065, 95.0, 78.01, 0.23	83.61	11	N/A	N/A
RUG526	d__Archaea;p__Methanobacteriota;c__Methanobacteria;o__Methanobacteriales;f__Methanobacteriaceae;g__Methanobrevibacter_A;s__Methanobrevibacter_A sp900314695	GCA_900314695.1	95.0	d__Archaea;p__Methanobacteriota;c__Methanobacteria;o__Methanobacteriales;f__Methanobacteriaceae;g__Methanobrevibacter_A;s__Methanobrevibacter_A sp900314695	99.08	0.85	GCA_900314695.1	95.0	d__Archaea;p__Methanobacteriota;c__Methanobacteria;o__Methanobacteriales;f__Methanobacteriaceae;g__Methanobrevibacter_A;s__Methanobrevibacter_A sp900314695	99.08	0.85	d__Archaea;p__Methanobacteriota;c__Methanobacteria;o__Methanobacteriales;f__Methanobacteriaceae;g__Methanobrevibacter_A;s__	taxonomic classification defined by topology and ANI	topological placement and ANI have congruent species assignments	GCA_900320955.1, s__Methanobrevibacter_A sp900320955, 95.0, 91.37, 0.68; GCA_900319985.1, s__Methanobrevibacter_A sp900319985, 95.0, 84.93, 0.66; GCF_001548675.1, s__Methanobrevibacter_A sp001548675, 95.0, 81.64, 0.55; GCA_900314615.1, s__Methanobrevibacter_A sp900314615, 95.0, 81.56, 0.6; GCA_900318035.1, s__Methanobrevibacter_A sp900318035, 95.0, 81.31, 0.55; GCA_900316895.1, s__Methanobrevibacter_A sp900316895, 95.0, 81.09, 0.47; GCF_003111625.1, s__Methanobrevibacter_A thaueri, 95.0, 80.99, 0.5; GCA_900319535.1, s__Methanobrevibacter_A sp900319535, 95.0, 80.94, 0.4; GCF_003814835.1, s__Methanobrevibacter_A gottschalkii, 95.0, 80.86, 0.51; GCA_900313645.1, s__Methanobrevibacter_A sp900313645, 95.0, 80.71, 0.41; GCA_900320515.1, s__Methanobrevibacter_A sp900320515, 95.0, 80.58, 0.45; GCF_001477655.1, s__Methanobrevibacter_A millerae, 95.0, 80.48, 0.46; GCA_900317865.1, s__Methanobrevibacter_A sp900317865, 95.0, 80.35, 0.43; GCF_001639275.1, s__Methanobrevibacter_A oralis, 95.0, 79.95, 0.38; GCF_000016525.1, s__Methanobrevibacter_A smithii, 95.0, 79.47, 0.37; GCF_002252585.1, s__Methanobrevibacter_A smithii_A, 95.0, 79.44, 0.38; GCF_003111605.1, s__Methanobrevibacter_A woesei, 95.0, 79.32, 0.3; GCA_002496065.1, s__Methanobrevibacter_A sp002496065, 95.0, 78.28, 0.25	83.8	11	N/A	N/A
RUG545	d__Archaea;p__Methanobacteriota;c__Methanobacteria;o__Methanobacteriales;f__Methanobacteriaceae;g__Methanobrevibacter_A;s__Methanobrevibacter_A sp900319985	GCA_900319985.1	95.0	d__Archaea;p__Methanobacteriota;c__Methanobacteria;o__Methanobacteriales;f__Methanobacteriaceae;g__Methanobrevibacter_A;s__Methanobrevibacter_A sp900319985	100.0	0.99	GCA_900319985.1	95.0	d__Archaea;p__Methanobacteriota;c__Methanobacteria;o__Methanobacteriales;f__Methanobacteriaceae;g__Methanobrevibacter_A;s__Methanobrevibacter_A sp900319985	100.0	0.99	d__Archaea;p__Methanobacteriota;c__Methanobacteria;o__Methanobacteriales;f__Methanobacteriaceae;g__Methanobrevibacter_A;s__	taxonomic classification defined by topology and ANI	topological placement and ANI have congruent species assignments	GCA_900314695.1, s__Methanobrevibacter_A sp900314695, 95.0, 85.24, 0.69; GCA_900320955.1, s__Methanobrevibacter_A sp900320955, 95.0, 84.14, 0.58; GCA_900319535.1, s__Methanobrevibacter_A sp900319535, 95.0, 82.46, 0.41; GCA_900318035.1, s__Methanobrevibacter_A sp900318035, 95.0, 80.89, 0.52; GCA_900314615.1, s__Methanobrevibacter_A sp900314615, 95.0, 80.66, 0.54; GCF_001548675.1, s__Methanobrevibacter_A sp001548675, 95.0, 80.45, 0.5; GCA_900316895.1, s__Methanobrevibacter_A sp900316895, 95.0, 80.38, 0.49; GCF_003814835.1, s__Methanobrevibacter_A gottschalkii, 95.0, 80.37, 0.47; GCA_900313645.1, s__Methanobrevibacter_A sp900313645, 95.0, 80.23, 0.58; GCF_003111625.1, s__Methanobrevibacter_A thaueri, 95.0, 80.22, 0.43; GCA_900320515.1, s__Methanobrevibacter_A sp900320515, 95.0, 79.85, 0.41; GCA_900317865.1, s__Methanobrevibacter_A sp900317865, 95.0, 79.7, 0.37; GCF_001477655.1, s__Methanobrevibacter_A millerae, 95.0, 79.05, 0.42; GCF_000016525.1, s__Methanobrevibacter_A smithii, 95.0, 78.77, 0.33; GCF_002252585.1, s__Methanobrevibacter_A smithii_A, 95.0, 78.75, 0.32; GCF_001639275.1, s__Methanobrevibacter_A oralis, 95.0, 78.46, 0.34; GCF_003111605.1, s__Methanobrevibacter_A woesei, 95.0, 78.46, 0.3; GCA_002496065.1, s__Methanobrevibacter_A sp002496065, 95.0, 77.77, 0.24	67.78	11	N/A	N/A
RUG593	d__Archaea;p__Methanobacteriota;c__Methanobacteria;o__Methanobacteriales;f__Methanobacteriaceae;g__Methanobrevibacter_A;s__Methanobrevibacter_A sp900320515	GCA_900320515.1	95.0	d__Archaea;p__Methanobacteriota;c__Methanobacteria;o__Methanobacteriales;f__Methanobacteriaceae;g__Methanobrevibacter_A;s__Methanobrevibacter_A sp900320515	100.0	1.0	GCA_900320515.1	95.0	d__Archaea;p__Methanobacteriota;c__Methanobacteria;o__Methanobacteriales;f__Methanobacteriaceae;g__Methanobrevibacter_A;s__Methanobrevibacter_A sp900320515	100.0	1.0	d__Archaea;p__Methanobacteriota;c__Methanobacteria;o__Methanobacteriales;f__Methanobacteriaceae;g__Methanobrevibacter_A;s__	taxonomic classification defined by topology and ANI	topological placement and ANI have congruent species assignments	GCA_900316895.1, s__Methanobrevibacter_A sp900316895, 95.0, 90.66, 0.7; GCF_003111625.1, s__Methanobrevibacter_A thaueri, 95.0, 82.51, 0.53; GCA_900313645.1, s__Methanobrevibacter_A sp900313645, 95.0, 82.34, 0.59; GCF_001548675.1, s__Methanobrevibacter_A sp001548675, 95.0, 80.69, 0.44; GCA_900314695.1, s__Methanobrevibacter_A sp900314695, 95.0, 80.61, 0.43; GCA_900318035.1, s__Methanobrevibacter_A sp900318035, 95.0, 80.55, 0.43; GCA_900314615.1, s__Methanobrevibacter_A sp900314615, 95.0, 80.4, 0.46; GCF_003814835.1, s__Methanobrevibacter_A gottschalkii, 95.0, 79.86, 0.34; GCA_900319985.1, s__Methanobrevibacter_A sp900319985, 95.0, 79.83, 0.42; GCA_900320955.1, s__Methanobrevibacter_A sp900320955, 95.0, 79.78, 0.35; GCA_900319535.1, s__Methanobrevibacter_A sp900319535, 95.0, 79.12, 0.27; GCF_001477655.1, s__Methanobrevibacter_A millerae, 95.0, 79.09, 0.31; GCF_000016525.1, s__Methanobrevibacter_A smithii, 95.0, 78.92, 0.24; GCA_900317865.1, s__Methanobrevibacter_A sp900317865, 95.0, 78.82, 0.3; GCF_002252585.1, s__Methanobrevibacter_A smithii_A, 95.0, 78.66, 0.2; GCF_001639275.1, s__Methanobrevibacter_A oralis, 95.0, 78.65, 0.21; GCF_003111605.1, s__Methanobrevibacter_A woesei, 95.0, 78.35, 0.19; GCA_002496065.1, s__Methanobrevibacter_A sp002496065, 95.0, 78.15, 0.17	86.79	11	N/A	N/A
RUG648	d__Archaea;p__Methanobacteriota;c__Methanobacteria;o__Methanobacteriales;f__Methanobacteriaceae;g__Methanobrevibacter_A;s__Methanobrevibacter_A sp900320955	GCA_900320955.1	95.0	d__Archaea;p__Methanobacteriota;c__Methanobacteria;o__Methanobacteriales;f__Methanobacteriaceae;g__Methanobrevibacter_A;s__Methanobrevibacter_A sp900320955	100.0	0.99	GCA_900320955.1	95.0	d__Archaea;p__Methanobacteriota;c__Methanobacteria;o__Methanobacteriales;f__Methanobacteriaceae;g__Methanobrevibacter_A;s__Methanobrevibacter_A sp900320955	100.0	0.99	d__Archaea;p__Methanobacteriota;c__Methanobacteria;o__Methanobacteriales;f__Methanobacteriaceae;g__Methanobrevibacter_A;s__	taxonomic classification defined by topology and ANI	topological placement and ANI have congruent species assignments	GCA_900314695.1, s__Methanobrevibacter_A sp900314695, 95.0, 90.96, 0.74; GCA_900319985.1, s__Methanobrevibacter_A sp900319985, 95.0, 84.15, 0.58; GCA_900317865.1, s__Methanobrevibacter_A sp900317865, 95.0, 81.39, 0.35; GCA_900319535.1, s__Methanobrevibacter_A sp900319535, 95.0, 80.69, 0.36; GCA_900314615.1, s__Methanobrevibacter_A sp900314615, 95.0, 80.6, 0.52; GCF_001548675.1, s__Methanobrevibacter_A sp001548675, 95.0, 80.32, 0.44; GCA_900318035.1, s__Methanobrevibacter_A sp900318035, 95.0, 80.31, 0.43; GCA_900316895.1, s__Methanobrevibacter_A sp900316895, 95.0, 80.25, 0.42; GCF_003814835.1, s__Methanobrevibacter_A gottschalkii, 95.0, 80.08, 0.41; GCA_900313645.1, s__Methanobrevibacter_A sp900313645, 95.0, 79.99, 0.5; GCF_003111625.1, s__Methanobrevibacter_A thaueri, 95.0, 79.82, 0.39; GCA_900320515.1, s__Methanobrevibacter_A sp900320515, 95.0, 79.76, 0.35; GCF_001477655.1, s__Methanobrevibacter_A millerae, 95.0, 79.52, 0.39; GCF_002252585.1, s__Methanobrevibacter_A smithii_A, 95.0, 78.79, 0.3; GCF_001639275.1, s__Methanobrevibacter_A oralis, 95.0, 78.62, 0.3; GCF_000016525.1, s__Methanobrevibacter_A smithii, 95.0, 78.59, 0.29; GCF_003111605.1, s__Methanobrevibacter_A woesei, 95.0, 78.29, 0.26; GCA_002496065.1, s__Methanobrevibacter_A sp002496065, 95.0, 77.31, 0.22	70.36	11	N/A	N/A
RUG748	d__Archaea;p__Methanobacteriota;c__Methanobacteria;o__Methanobacteriales;f__Methanobacteriaceae;g__Methanobrevibacter;s__Methanobrevibacter sp900321995	GCA_900321995.1	95.0	d__Archaea;p__Methanobacteriota;c__Methanobacteria;o__Methanobacteriales;f__Methanobacteriaceae;g__Methanobrevibacter;s__Methanobrevibacter sp900321995	100.0	0.98	GCA_900321995.1	95.0	d__Archaea;p__Methanobacteriota;c__Methanobacteria;o__Methanobacteriales;f__Methanobacteriaceae;g__Methanobrevibacter;s__Methanobrevibacter sp900321995	100.0	0.98	d__Archaea;p__Methanobacteriota;c__Methanobacteria;o__Methanobacteriales;f__Methanobacteriaceae;g__Methanobrevibacter;s__	taxonomic classification defined by topology and ANI	topological placement and ANI have congruent species assignments	GCF_000024185.1, s__Methanobrevibacter ruminantium, 95.0, 80.9, 0.7; GCA_004553595.1, s__Methanobrevibacter ruminantium_A, 95.0, 80.32, 0.58; GCF_900114585.1, s__Methanobrevibacter olleyae, 95.0, 79.77, 0.53; GCA_900314635.1, s__Methanobrevibacter sp900314635, 95.0, 77.14, 0.28	62.47	11	N/A	N/A
RUG761	d__Archaea;p__Methanobacteriota;c__Methanobacteria;o__Methanobacteriales;f__Methanobacteriaceae;g__Methanosphaera;s__Methanosphaera sp900322125	GCA_900322125.1	95.0	d__Archaea;p__Methanobacteriota;c__Methanobacteria;o__Methanobacteriales;f__Methanobacteriaceae;g__Methanosphaera;s__Methanosphaera sp900322125	100.0	0.98	GCA_900322125.1	95.0	d__Archaea;p__Methanobacteriota;c__Methanobacteria;o__Methanobacteriales;f__Methanobacteriaceae;g__Methanosphaera;s__Methanosphaera sp900322125	100.0	0.98	d__Archaea;p__Methanobacteriota;c__Methanobacteria;o__Methanobacteriales;f__Methanobacteriaceae;g__Methanosphaera;s__	taxonomic classification defined by topology and ANI	topological placement and ANI have congruent species assignments	GCA_002509095.1, s__Methanosphaera sp002509095, 95.0, 96.81, 0.61; GCF_001729965.1, s__Methanosphaera sp001729965, 95.0, 80.81, 0.6; GCF_000012545.1, s__Methanosphaera stadtmanae, 95.0, 80.06, 0.6; GCA_013330915.1, s__Methanosphaera sp11921u, 95.0, 78.96, 0.3; GCF_003149675.1, s__Methanosphaera cuniculi, 95.0, 78.92, 0.39; GCA_013331465.1, s__Methanosphaera sp10242u, 95.0, 78.59, 0.25; GCA_003266145.1, s__Methanosphaera sp003266145, 95.0, 78.51, 0.26; GCA_003266105.1, s__Methanosphaera sp003266105, 95.0, 78.14, 0.32; GCF_003268005.1, s__Methanosphaera sp003268005, 95.0, 77.99, 0.3; GCA_003266165.1, s__Methanosphaera sp003266165, 95.0, 77.19, 0.15; GCA_003266075.1, s__Methanosphaera sp003266075, 95.0, 76.97, 0.15; GCA_003266065.1, s__Methanosphaera sp003266065, 95.0, 76.64, 0.12	70.84	11	N/A	N/A
RUG779	d__Archaea;p__Thermoplasmatota;c__Thermoplasmata;o__Methanomassiliicoccales;f__Methanomethylophilaceae;g__Methanomethylophilus;s__Methanomethylophilus sp001481295	GCF_001481295.1	95.0	d__Archaea;p__Thermoplasmatota;c__Thermoplasmata;o__Methanomassiliicoccales;f__Methanomethylophilaceae;g__Methanomethylophilus;s__Methanomethylophilus sp001481295	97.5	0.94	GCF_001481295.1	95.0	d__Archaea;p__Thermoplasmatota;c__Thermoplasmata;o__Methanomassiliicoccales;f__Methanomethylophilaceae;g__Methanomethylophilus;s__Methanomethylophilus sp001481295	97.5	0.94	d__Archaea;p__Thermoplasmatota;c__Thermoplasmata;o__Methanomassiliicoccales;f__Methanomethylophilaceae;g__Methanomethylophilus;s__	taxonomic classification defined by topology and ANI	topological placement and ANI have congruent species assignments	GCA_002503545.1, s__Methanomethylophilus sp002503545, 95.0, 79.88, 0.5; GCF_000300255.2, s__Methanomethylophilus alvus, 95.0, 79.87, 0.49; GCF_000350305.1, s__Methanomethylophilus sp000350305, 95.0, 79.32, 0.46; GCF_001560915.1, s__Methanomethylophilus sp001560915, 95.0, 78.26, 0.39; GCA_002495325.1, s__Methanomethylophilus sp002495325, 95.0, 77.43, 0.27	81.42	11	N/A	N/A
RUG780	d__Archaea;p__Methanobacteriota;c__Methanobacteria;o__Methanobacteriales;f__Methanobacteriaceae;g__Methanobrevibacter_A;s__Methanobrevibacter_A sp900319535	GCA_900319535.1	95.0	d__Archaea;p__Methanobacteriota;c__Methanobacteria;o__Methanobacteriales;f__Methanobacteriaceae;g__Methanobrevibacter_A;s__Methanobrevibacter_A sp900319535	98.66	0.73	GCA_900319535.1	95.0	d__Archaea;p__Methanobacteriota;c__Methanobacteria;o__Methanobacteriales;f__Methanobacteriaceae;g__Methanobrevibacter_A;s__Methanobrevibacter_A sp900319535	98.66	0.73	d__Archaea;p__Methanobacteriota;c__Methanobacteria;o__Methanobacteriales;f__Methanobacteriaceae;g__Methanobrevibacter_A;s__	taxonomic classification defined by topology and ANI	topological placement and ANI have congruent species assignments	GCA_900317865.1, s__Methanobrevibacter_A sp900317865, 95.0, 84.22, 0.69; GCF_001477655.1, s__Methanobrevibacter_A millerae, 95.0, 83.51, 0.71; GCA_900314695.1, s__Methanobrevibacter_A sp900314695, 95.0, 80.41, 0.45; GCF_001548675.1, s__Methanobrevibacter_A sp001548675, 95.0, 79.82, 0.41; GCF_003814835.1, s__Methanobrevibacter_A gottschalkii, 95.0, 79.69, 0.48; GCA_900320955.1, s__Methanobrevibacter_A sp900320955, 95.0, 79.66, 0.36; GCF_000016525.1, s__Methanobrevibacter_A smithii, 95.0, 79.48, 0.42; GCF_001639275.1, s__Methanobrevibacter_A oralis, 95.0, 79.42, 0.44; GCF_002252585.1, s__Methanobrevibacter_A smithii_A, 95.0, 79.31, 0.42; GCA_900313645.1, s__Methanobrevibacter_A sp900313645, 95.0, 79.27, 0.36; GCF_003111625.1, s__Methanobrevibacter_A thaueri, 95.0, 79.25, 0.32; GCA_900314615.1, s__Methanobrevibacter_A sp900314615, 95.0, 79.25, 0.43; GCA_900319985.1, s__Methanobrevibacter_A sp900319985, 95.0, 79.13, 0.42; GCA_900318035.1, s__Methanobrevibacter_A sp900318035, 95.0, 79.05, 0.36; GCF_003111605.1, s__Methanobrevibacter_A woesei, 95.0, 79.05, 0.34; GCA_900316895.1, s__Methanobrevibacter_A sp900316895, 95.0, 79.03, 0.3; GCA_900320515.1, s__Methanobrevibacter_A sp900320515, 95.0, 78.79, 0.27; GCA_002496065.1, s__Methanobrevibacter_A sp002496065, 95.0, 78.05, 0.21	76.41	11	N/A	N/A
RUG787	d__Archaea;p__Methanobacteriota;c__Methanobacteria;o__Methanobacteriales;f__Methanobacteriaceae;g__Methanobrevibacter_A;s__Methanobrevibacter_A sp900320515	GCA_900320515.1	95.0	d__Archaea;p__Methanobacteriota;c__Methanobacteria;o__Methanobacteriales;f__Methanobacteriaceae;g__Methanobrevibacter_A;s__Methanobrevibacter_A sp900320515	98.72	0.83	GCA_900320515.1	95.0	d__Archaea;p__Methanobacteriota;c__Methanobacteria;o__Methanobacteriales;f__Methanobacteriaceae;g__Methanobrevibacter_A;s__Methanobrevibacter_A sp900320515	98.72	0.83	d__Archaea;p__Methanobacteriota;c__Methanobacteria;o__Methanobacteriales;f__Methanobacteriaceae;g__Methanobrevibacter_A;s__	taxonomic classification defined by topology and ANI	topological placement and ANI have congruent species assignments	GCA_900316895.1, s__Methanobrevibacter_A sp900316895, 95.0, 90.5, 0.78; GCA_900313645.1, s__Methanobrevibacter_A sp900313645, 95.0, 82.27, 0.44; GCF_003111625.1, s__Methanobrevibacter_A thaueri, 95.0, 82.07, 0.63; GCA_900318035.1, s__Methanobrevibacter_A sp900318035, 95.0, 80.95, 0.56; GCA_900314695.1, s__Methanobrevibacter_A sp900314695, 95.0, 80.89, 0.53; GCA_900314615.1, s__Methanobrevibacter_A sp900314615, 95.0, 80.58, 0.55; GCF_001548675.1, s__Methanobrevibacter_A sp001548675, 95.0, 80.54, 0.53; GCA_900319985.1, s__Methanobrevibacter_A sp900319985, 95.0, 80.22, 0.5; GCA_900320955.1, s__Methanobrevibacter_A sp900320955, 95.0, 80.01, 0.44; GCF_003814835.1, s__Methanobrevibacter_A gottschalkii, 95.0, 79.94, 0.4; GCA_900319535.1, s__Methanobrevibacter_A sp900319535, 95.0, 79.3, 0.24; GCF_001477655.1, s__Methanobrevibacter_A millerae, 95.0, 79.27, 0.36; GCA_900317865.1, s__Methanobrevibacter_A sp900317865, 95.0, 79.23, 0.35; GCF_000016525.1, s__Methanobrevibacter_A smithii, 95.0, 79.16, 0.2; GCF_002252585.1, s__Methanobrevibacter_A smithii_A, 95.0, 78.84, 0.23; GCF_001639275.1, s__Methanobrevibacter_A oralis, 95.0, 78.66, 0.23; GCF_003111605.1, s__Methanobrevibacter_A woesei, 95.0, 78.48, 0.18; GCA_002496065.1, s__Methanobrevibacter_A sp002496065, 95.0, 78.09, 0.13	67.33	11	N/A	N/A
RUG823	d__Archaea;p__Methanobacteriota;c__Methanobacteria;o__Methanobacteriales;f__Methanobacteriaceae;g__Methanobrevibacter_A;s__Methanobrevibacter_A sp900313645	GCA_900313645.1	95.0	d__Archaea;p__Methanobacteriota;c__Methanobacteria;o__Methanobacteriales;f__Methanobacteriaceae;g__Methanobrevibacter_A;s__Methanobrevibacter_A sp900313645	100.0	0.98	GCA_900313645.1	95.0	d__Archaea;p__Methanobacteriota;c__Methanobacteria;o__Methanobacteriales;f__Methanobacteriaceae;g__Methanobrevibacter_A;s__Methanobrevibacter_A sp900313645	100.0	0.98	d__Archaea;p__Methanobacteriota;c__Methanobacteria;o__Methanobacteriales;f__Methanobacteriaceae;g__Methanobrevibacter_A;s__	taxonomic classification defined by topology and ANI	topological placement and ANI have congruent species assignments	GCA_900320515.1, s__Methanobrevibacter_A sp900320515, 95.0, 82.34, 0.59; GCA_900316895.1, s__Methanobrevibacter_A sp900316895, 95.0, 82.01, 0.62; GCF_003111625.1, s__Methanobrevibacter_A thaueri, 95.0, 81.81, 0.66; GCF_001548675.1, s__Methanobrevibacter_A sp001548675, 95.0, 81.02, 0.64; GCA_900314615.1, s__Methanobrevibacter_A sp900314615, 95.0, 81.02, 0.65; GCA_900314695.1, s__Methanobrevibacter_A sp900314695, 95.0, 80.99, 0.61; GCA_900318035.1, s__Methanobrevibacter_A sp900318035, 95.0, 80.55, 0.61; GCA_900319985.1, s__Methanobrevibacter_A sp900319985, 95.0, 80.22, 0.58; GCF_003814835.1, s__Methanobrevibacter_A gottschalkii, 95.0, 80.16, 0.53; GCA_900320955.1, s__Methanobrevibacter_A sp900320955, 95.0, 79.96, 0.51; GCF_001477655.1, s__Methanobrevibacter_A millerae, 95.0, 79.54, 0.49; GCA_900319535.1, s__Methanobrevibacter_A sp900319535, 95.0, 79.47, 0.37; GCA_900317865.1, s__Methanobrevibacter_A sp900317865, 95.0, 79.39, 0.42; GCF_000016525.1, s__Methanobrevibacter_A smithii, 95.0, 78.77, 0.37; GCF_001639275.1, s__Methanobrevibacter_A oralis, 95.0, 78.71, 0.36; GCF_002252585.1, s__Methanobrevibacter_A smithii_A, 95.0, 78.55, 0.35; GCF_003111605.1, s__Methanobrevibacter_A woesei, 95.0, 78.5, 0.28; GCA_002496065.1, s__Methanobrevibacter_A sp002496065, 95.0, 78.39, 0.19	66.32	11	N/A	N/A
RUG833	d__Archaea;p__Methanobacteriota;c__Methanobacteria;o__Methanobacteriales;f__Methanobacteriaceae;g__Methanobrevibacter_A;s__Methanobrevibacter_A sp900319985	GCA_900319985.1	95.0	d__Archaea;p__Methanobacteriota;c__Methanobacteria;o__Methanobacteriales;f__Methanobacteriaceae;g__Methanobrevibacter_A;s__Methanobrevibacter_A sp900319985	99.15	0.68	GCA_900319985.1	95.0	d__Archaea;p__Methanobacteriota;c__Methanobacteria;o__Methanobacteriales;f__Methanobacteriaceae;g__Methanobrevibacter_A;s__Methanobrevibacter_A sp900319985	99.15	0.68	d__Archaea;p__Methanobacteriota;c__Methanobacteria;o__Methanobacteriales;f__Methanobacteriaceae;g__Methanobrevibacter_A;s__	taxonomic classification defined by topology and ANI	topological placement and ANI have congruent species assignments	GCA_900314695.1, s__Methanobrevibacter_A sp900314695, 95.0, 85.08, 0.52; GCA_900320955.1, s__Methanobrevibacter_A sp900320955, 95.0, 83.66, 0.49; GCA_900318035.1, s__Methanobrevibacter_A sp900318035, 95.0, 81.1, 0.38; GCF_001548675.1, s__Methanobrevibacter_A sp001548675, 95.0, 80.66, 0.38; GCA_900314615.1, s__Methanobrevibacter_A sp900314615, 95.0, 80.6, 0.4; GCA_900316895.1, s__Methanobrevibacter_A sp900316895, 95.0, 80.43, 0.41; GCA_900313645.1, s__Methanobrevibacter_A sp900313645, 95.0, 80.26, 0.49; GCF_003111625.1, s__Methanobrevibacter_A thaueri, 95.0, 80.14, 0.34; GCA_900317865.1, s__Methanobrevibacter_A sp900317865, 95.0, 80.1, 0.34; GCF_003814835.1, s__Methanobrevibacter_A gottschalkii, 95.0, 80.04, 0.41; GCA_900320515.1, s__Methanobrevibacter_A sp900320515, 95.0, 80.01, 0.34; GCA_900319535.1, s__Methanobrevibacter_A sp900319535, 95.0, 79.52, 0.31; GCF_001477655.1, s__Methanobrevibacter_A millerae, 95.0, 79.22, 0.32; GCF_002252585.1, s__Methanobrevibacter_A smithii_A, 95.0, 79.04, 0.27; GCF_000016525.1, s__Methanobrevibacter_A smithii, 95.0, 79.0, 0.29; GCF_001639275.1, s__Methanobrevibacter_A oralis, 95.0, 78.89, 0.28; GCF_003111605.1, s__Methanobrevibacter_A woesei, 95.0, 78.57, 0.24; GCA_002496065.1, s__Methanobrevibacter_A sp002496065, 95.0, 77.92, 0.2	56.07	11	N/A	N/A
hRUG898	d__Archaea;p__Thermoplasmatota;c__Thermoplasmata;o__Methanomassiliicoccales;f__Methanomethylophilaceae;g__Methanomethylophilus;s__Methanomethylophilus sp001481295	GCF_001481295.1	95.0	d__Archaea;p__Thermoplasmatota;c__Thermoplasmata;o__Methanomassiliicoccales;f__Methanomethylophilaceae;g__Methanomethylophilus;s__Methanomethylophilus sp001481295	97.82	0.94	GCF_001481295.1	95.0	d__Archaea;p__Thermoplasmatota;c__Thermoplasmata;o__Methanomassiliicoccales;f__Methanomethylophilaceae;g__Methanomethylophilus;s__Methanomethylophilus sp001481295	97.82	0.94	d__Archaea;p__Thermoplasmatota;c__Thermoplasmata;o__Methanomassiliicoccales;f__Methanomethylophilaceae;g__Methanomethylophilus;s__	taxonomic classification defined by topology and ANI	topological placement and ANI have congruent species assignments	GCA_002503545.1, s__Methanomethylophilus sp002503545, 95.0, 80.24, 0.47; GCF_000300255.2, s__Methanomethylophilus alvus, 95.0, 80.16, 0.48; GCF_000350305.1, s__Methanomethylophilus sp000350305, 95.0, 79.63, 0.44; GCF_001560915.1, s__Methanomethylophilus sp001560915, 95.0, 79.1, 0.38; GCA_002495325.1, s__Methanomethylophilus sp002495325, 95.0, 77.65, 0.22	86.49	11	N/A	N/A
